time,N=2,N=20,N=100,N=500,N=1000
0,100,100,100,100,100
0.002,99.5050840716,99.5050840716,99.5050840716,99.5050840716,99.5050840716
0.004,99.9363267761,99.9766988894,100.011738966,100.026693742,100.029762191
0.006,99.0700863325,98.9689058361,98.9032160415,98.8830547611,98.8792776527
0.008,97.1629214454,96.66383462,96.361290855,96.2688109376,96.2512173001
0.01,97.5408515006,97.1534194694,96.9167452269,96.8462090326,96.8329572376
0.012,97.6115365137,97.2337426932,96.9936409887,96.9182303978,96.9037363534
0.014,97.627851575,97.2513087739,97.0107422151,96.9351460437,96.9206333217
0.016,97.1332020761,96.7265626131,96.5154260242,96.448825026,96.4359310932
0.018,97.335356681,96.9469028534,96.7364992249,96.6724946424,96.6602299231
0.02,97.4602113101,97.0700082756,96.8468292447,96.7764990401,96.7627777915
0.022,98.4843525806,98.0671904235,97.7799690189,97.7003471872,97.6858681944
0.024,98.0198452109,97.6746981543,97.4645757002,97.415910622,97.4083431606
0.026,96.1383741887,95.6823959269,95.4030788315,95.3151592927,95.3014975847
0.028,96.9090823642,96.6620800055,96.5290025368,96.4991041949,96.4964927801
0.03,97.984315127,97.8059484415,97.5016834998,97.29068395,97.2373661309
0.032,97.6167783491,97.4432136288,97.1978072646,97.0036229838,96.9514541502
0.034,98.1329239465,97.9137305122,97.5864022561,97.3742586672,97.3190263807
0.036,96.9121790961,96.9570317055,96.8884541211,96.7450364827,96.703458662
0.038,96.4924959918,96.5783987996,96.5293979802,96.3802920123,96.3374387424
0.04,96.3277151589,96.4201428818,96.370425148,96.2183061382,96.1749129701
0.042,96.9840173771,97.1277695497,97.135818595,97.0131226942,96.9754344673
0.044,96.1423270184,96.2995609656,96.3593390273,96.2775621809,96.2504782566
0.046,96.9018166231,97.1693439972,97.294025579,97.2343426912,97.2109060593
0.048,97.1662574241,97.5034354869,97.6700238191,97.6242004925,97.6032407359
0.05,97.6496516665,98.1506116323,98.4043398104,98.3837119786,98.3671413449
0.052,96.0664064776,96.1226929048,96.2758791261,96.272674355,96.2632129301
0.054,95.1462940732,94.8355022816,94.828679666,94.7769724106,94.75846151
0.056,95.0929106375,94.7586607843,94.74451427,94.6918895774,94.6733180217
0.058,93.4192251401,92.5409993575,92.4574850157,92.4234750511,92.4107139618
0.06,94.4174980034,93.8809540271,93.8710148886,93.8536676732,93.8438661797
0.062,95.1669332943,94.8548886758,94.8602341866,94.8347886863,94.8224684819
0.064,95.8732184508,95.7305314627,95.7153120642,95.673283707,95.6572344311
0.066,95.6878705145,95.5078543995,95.5013985886,95.4630356468,95.4477421269
0.068,95.4124439023,95.1550993796,95.1318425975,95.0851949878,95.0682348848
0.07,96.7227248406,96.7423801717,96.6937028929,96.616136911,96.5907609941
0.072,95.011486061,94.6856738301,94.6535094072,94.5877564167,94.5650655877
0.074,92.732977526,91.6733817599,91.3804067091,91.2100503189,91.1667107741
0.076,91.6413484042,90.0728927232,89.536894646,89.2777284667,89.2170649245
0.078,90.9035957675,88.9513945784,88.2527717304,87.9461687318,87.8768737582
0.08,89.2512544252,86.4476105854,85.4613673459,85.0890454661,85.0085437973
0.082,89.171273958,86.3189857279,85.3168925787,84.9407084923,84.8595039963
0.084,91.3825477992,89.7259947017,89.0619782627,88.7657204269,88.6988945631
0.086,91.738474614,90.2344726609,89.5740102638,89.266438277,89.1967379749
0.088,90.0572010589,88.0016668323,87.4647949309,87.2213981802,87.1633868372
0.09,90.2126203985,88.2132503225,87.6840551065,87.4451205093,87.3881247893
0.092,91.0640044984,89.3971377487,88.9180489093,88.6959903584,88.6420053979
0.094,89.2919818249,87.0046239335,86.502032474,86.2878745593,86.2364390305
0.096,89.1528050146,86.7978636754,86.2754134827,86.0533067917,86.000242662
0.098,88.6414841829,86.0984937322,85.572635976,85.3631869252,85.3136705779
0.1,88.2274106245,85.568468538,85.0680209992,84.872050458,84.8250709629
0.102,87.8270189716,85.0371649745,84.5244821181,84.3203291976,84.2713829266
0.104,87.5151889611,84.640190903,84.1347271469,83.9356057291,83.8878964974
0.106,85.9179125222,82.5841540954,82.0355391931,81.8148515694,81.7624076658
0.108,86.0587874542,82.7612721769,82.2161308945,81.9964138671,81.9441269218
0.11,88.295075515,85.398474663,84.6603963204,84.3312990787,84.254744297
0.112,87.2805385013,84.3533600036,83.8165072139,83.5576600562,83.4936168769
0.114,86.7419458331,83.7899357654,83.2953962672,83.033514608,82.9678458267
0.116,84.4797969534,81.4253966328,81.0172018281,80.7409248578,80.6718529056
0.118,84.4546636631,81.3920130252,80.9789945281,80.7000420251,80.6304092462
0.12,85.3760730173,82.5061853282,82.1477159136,81.8789298614,81.8100171676
0.122,84.5410876808,81.6120200405,81.3532345768,81.1442897425,81.0884749806
0.124,84.4623411828,81.5205366634,81.2614905173,81.0514911929,80.9953774127
0.126,84.3656449315,81.406727041,81.1456159069,80.9345688744,80.8782566373
0.128,85.9626080896,83.2270943657,82.955899317,82.7357242827,82.6771442772
0.13,83.2030705974,80.1619475285,79.9691923003,79.78099603,79.7286503464
0.132,85.7452405328,83.4816364791,83.6679212786,83.641572511,83.6224092993
0.134,85.485429378,83.1583826724,83.3423420043,83.3241526997,83.3073211717
0.136,86.3254803071,84.1541842319,84.3122333293,84.2757718713,84.2557071455
0.138,86.7240516648,84.5868766516,84.6997266343,84.6443357829,84.6205316668
0.14,88.1062305051,86.0561035437,86.057779903,85.9856461101,85.9602131955
0.142,87.6089870259,85.584090916,85.6666357338,85.6219171439,85.6022902291
0.144,89.7952201195,87.8075727811,87.8126867795,87.7922871552,87.7790301607
0.146,89.3305265278,87.3981039027,87.4867233513,87.5066413969,87.5031607506
0.148,90.1341729133,88.1902641803,88.2559544901,88.276025175,88.2721337422
0.15,89.5439861225,87.6816224308,87.8473602101,87.9221619843,87.9317171764
0.152,90.0177340391,88.1499494616,88.3080803426,88.3794618395,88.3875921629
0.154,90.5208642768,88.5191580037,88.4457396153,88.3794637445,88.387594068
0.156,89.6239587439,87.7985565785,87.889880833,87.8990211239,87.9148969145
0.158,91.6830387584,89.7136749176,89.7076141743,89.6580734323,89.6722410937
0.16,91.0042968735,89.1572797011,89.2796557074,89.3137463421,89.3454401646
0.162,91.0119546446,89.1645010209,89.2864855573,89.3203624776,89.352028372
0.164,91.0733255874,89.2199243412,89.3388154434,89.3712136185,89.4027199452
0.166,90.9071758918,89.0643838759,89.1872559107,89.2226171049,89.2543829832
0.168,91.9596428155,90.0815397414,90.1919883426,90.2102882075,90.2403986739
0.17,92.0681115354,90.1683442334,90.2520869422,90.250429876,90.2751926648
0.172,93.0358992178,90.9586294584,90.918039634,90.8793074338,90.9001527891
0.174,93.7077209339,91.4551171618,91.3000962703,91.2154291194,91.2271755221
0.176,91.777480106,89.9025851637,89.8801904427,89.8291254845,89.8448754069
0.178,90.6960178224,88.8078750573,88.6967308314,88.607099478,88.6136578336
0.18,87.6340362811,85.758568059,85.6225459277,85.5928878105,85.6125019585
0.182,87.622022599,85.7440394873,85.6059108542,85.575669175,85.5951487591
0.184,87.1193255312,85.2028260877,85.0627912738,85.0479667863,85.0708619976
0.186,88.030391752,86.1272802028,85.929045166,85.8736481634,85.8892331988
0.188,88.4699507404,86.5746719206,86.3587974674,86.2950763274,86.3096598876
0.19,90.7969040805,88.4570034144,87.5391361415,86.9826797107,86.8457099409
0.192,91.3258324734,88.7896580785,87.727802567,87.2199188283,87.1090593754
0.194,91.3101915264,88.783561466,87.7237028633,87.2169165793,87.1068270568
0.196,91.171305878,88.703850151,87.6407410243,87.1331549412,87.0244648868
0.198,92.4397585594,89.6074198496,88.6752149079,88.202709467,88.0913032778
0.2,93.2203436432,89.9417840403,88.6752182792,88.2027128203,88.0913066269
0.202,93.2115398676,89.9386605561,88.672669927,88.2005824949,88.089259511
0.204,94.5136441871,90.4400396046,89.0407222935,88.4950006427,88.3637118663
0.206,92.9846403757,89.8489922422,88.4504163447,87.8844738541,87.7466497837
0.208,93.2701766631,90.0197629335,88.6541102624,88.1011125762,87.9659422078
0.21,93.1522881404,89.9429473195,88.5645155414,88.0088196677,87.8732401322
0.212,95.0765478907,91.3561752067,90.209095505,89.7021973992,89.5747059782
0.214,94.2159844761,90.7495558756,89.5660616248,89.0737615883,88.9505898045
0.216,94.1109844625,90.6699625645,89.4784004757,88.9850083883,88.8616655604
0.218,92.9565763396,89.9783510776,88.9681442925,88.6544064826,88.5864271433
0.22,91.9881138843,89.3784847234,88.4107857016,88.0957522993,88.0233087816
0.222,91.221930508,88.7271241136,87.6721368672,87.3139800356,87.2306269057
0.224,91.9997663785,89.381683138,88.3627731941,88.0047035362,87.9215462122
0.226,92.3552798426,89.6344682519,88.5727994903,88.1858719278,88.0968386572
0.228,90.8638436963,88.7200850863,87.8590774637,87.4917207334,87.3975422184
0.23,89.5192604995,87.6022280317,86.6889738662,86.2567934805,86.1434596471
0.232,88.8718509829,87.0016466624,86.0320041643,85.5678748261,85.4463371357
0.234,88.3713482981,86.4998342737,85.4746364152,84.9863931895,84.8589990899
0.236,86.9755550714,85.0643533655,83.9137344857,83.3826187361,83.2446710704
0.238,85.8249996096,83.6302193783,82.2045036303,81.5661148478,81.4048813278
0.24,85.9689465045,83.8234027345,82.433981822,81.8076003171,81.6488091481
0.242,86.3177928573,84.2831966701,82.9482042563,82.3304719336,82.1731525605
0.244,87.2349838621,85.2972341475,83.8457481122,83.1316180525,82.9539996441
0.246,88.3562247435,86.3809501155,84.7537787759,84.0258379183,83.8538629375
0.248,88.013716494,86.0918511887,84.5141904255,83.7852033449,83.6123191708
0.25,87.339666562,85.5676362157,84.0471148922,83.3044245608,83.1277510491
0.252,86.1694076842,84.5143839313,82.9271521552,82.1086533562,81.9152864511
0.254,85.4235866861,83.8837244437,82.3035454005,81.4818554885,81.2883140389
0.256,87.031661616,85.4755391123,84.0759635641,83.3487678664,83.1750861254
0.258,85.7116623138,84.51997866,83.5233993823,83.3487620932,83.1750803642
0.26,85.8670903946,84.6531418959,83.6442393821,83.4492794326,83.2757955401
0.262,87.7580929677,86.3546818078,85.3087840315,84.9915479604,84.8270921804
0.264,89.1775643991,87.3537576062,85.9285415933,85.215962832,84.8895090597
0.266,89.2445279749,87.3866620135,85.9431158378,85.2475137256,84.929017852
0.268,88.6978558008,87.119023564,85.6801079276,84.9596647992,84.6236323487
0.27,88.4683897378,86.9812683396,85.5239065755,84.7903565243,84.4470491222
0.272,88.0287125972,86.7085115416,85.2258296531,84.4822345606,84.1299389531
0.274,89.7938183155,88.1221027239,86.9322867515,86.3064751273,86.004326426
0.276,89.5368634147,88.0075721461,86.9322854904,86.3064738752,86.0043251783
0.278,92.12039508,89.5543259988,87.871536088,87.1129912888,86.8561865579
0.28,92.8466230022,89.5543298942,87.8715399102,87.112995078,86.8561903359
0.282,93.1079884848,89.6167856277,87.9331362717,87.198238565,86.9407351972
0.284,93.5829600538,89.8167533475,88.1781394905,87.4800749582,87.2244903637
0.286,92.7556300553,89.3739848702,87.6308266571,86.8773594289,86.6170761204
0.288,93.1485932717,89.6463456664,87.9767396278,87.2558576673,86.9996746223
0.29,94.0888885847,90.3162477401,88.7733663065,88.0932130983,87.8399160448
0.292,93.1533740738,89.7008103151,88.1216145278,87.4396316013,87.1895783782
0.294,92.4010750325,89.0760900924,87.3795493817,86.6515102443,86.3945801601
0.296,92.042935787,88.7715237217,87.0320127699,86.2925600395,86.0346471153
0.298,90.733197267,87.6160285957,85.7315652261,84.9516980159,84.6892279217
0.3,89.6948024621,86.4963867007,84.3689173649,83.5021829569,83.2251204618
0.302,88.627046125,85.1689320773,82.7116412312,81.7333420052,81.4374028966
0.304,88.5933143789,85.1198813741,82.6467286804,81.6631098025,81.3662436584
0.306,87.6028460999,83.9494782013,81.4251218928,80.4976163352,80.2185166342
0.308,88.0428694111,84.5221456786,82.0754172484,81.1658894772,80.8891283081
0.31,85.8865989234,81.8649635002,79.2611153117,78.385082999,78.1239428492
0.312,87.8360779399,84.6124906609,82.4528252326,81.7016888856,81.4592757856
0.314,87.1848307603,83.719333493,81.4753561016,80.7250272116,80.4858960911
0.316,87.7039344095,84.4373937836,82.2648272652,81.5253579496,81.2869057318
0.318,87.8826415754,84.6513690952,82.4643288851,81.7085999255,81.4659634743
0.32,88.6773139762,85.642419091,83.4744946751,82.717149756,82.4729832112
0.322,87.8076779456,84.7011255664,82.6545830427,81.9792901492,81.7558297297
0.324,88.457163039,85.4684596906,83.4359606716,82.7615410229,82.5365953872
0.326,86.1027628314,83.3262440105,82.0804663014,82.1997558767,82.5365863196
0.328,85.513310842,82.6908411083,81.4916253785,81.6913095559,82.1061231379
0.33,85.1008454897,82.2408634241,81.0600784733,81.2970165196,81.7427545238
0.332,85.2000104319,82.3554748149,81.1778942316,81.411049741,81.8521647292
0.334,83.8376788077,80.7694582161,79.5764887237,79.8849628144,80.3891056013
0.336,84.9115866781,81.8186955486,80.3983450112,80.5087158132,80.9213681345
0.338,84.5679547533,81.4565265651,80.0595247202,80.1936293122,80.6228616352
0.34,84.8857850508,81.8012126494,80.3973273439,80.5163548747,80.9337188491
0.342,85.7978080747,82.8634851457,81.4996942734,81.6001030154,81.9912772305
0.344,85.8488009992,82.9196445226,81.5546177849,81.6522898937,82.0418504755
0.346,84.3768465561,81.2854724065,79.9651252862,80.1380328455,80.5741024723
0.348,85.2884826541,82.3454677009,81.049867871,81.2048326404,81.6202955748
0.35,85.3274559625,82.3863821035,81.0877044066,81.2396560535,81.6537440122
0.352,85.7620444385,82.8058475609,81.4408109667,81.5548769813,81.953294033
0.354,86.0314108415,83.0226360678,81.5916466007,81.6762615416,82.0629851172
0.356,84.4085865929,81.7396411816,80.5053030114,80.6276288584,81.0435529992
0.358,84.24290829,81.5746718339,80.3313060008,80.4481143468,80.8653588141
0.36,85.754558108,83.2711663426,82.2213438512,82.4102831696,82.8236657188
0.362,84.9762272318,82.5633146318,81.6727341724,82.0231394928,82.506714655
0.364,83.459363658,81.2172568543,80.5146311926,80.9243283641,81.4333070581
0.366,84.8619113034,82.5893844177,81.8714398794,82.288688154,82.7847340214
0.368,85.6316250617,83.0653170384,81.8714429987,82.2886912893,82.7847371755
0.37,86.1334725299,83.3974878444,82.0691100372,82.4271188724,82.8926258872
0.372,85.1192858391,82.6726387732,81.4681017064,81.8715356115,82.3666016666
0.374,84.5950221677,82.2144846096,81.0078091297,81.4127830202,81.9179255471
0.376,84.6417908439,82.2479025874,81.0285292732,81.4127832292,81.9179257575
0.378,85.8368607302,83.0147679107,81.5855654601,82.0498044962,82.5166425214
0.38,85.8714686419,83.0333964234,81.5965693916,82.0558733767,82.517884242
0.382,85.6378602014,82.8938483083,81.4711686134,81.9347706836,82.405509285
0.384,86.3615760943,83.3713617861,81.9379482512,82.3957120472,82.8471542084
0.386,85.7825286254,83.0979007154,81.8652475891,82.3957094611,82.8471516081
0.388,86.9507374019,83.70388494,82.3828435823,82.8955337462,83.3173116455
0.39,86.836814155,83.6711982263,82.3828430544,82.895533215,83.3173111116
0.392,86.5994571556,83.5811669543,82.2928432228,82.8087751036,83.2337569626
0.394,86.9433868856,83.7325241022,82.4520570989,82.9620417576,83.3816734529
0.396,85.975513727,83.4092959153,82.2813313018,82.9620367398,83.3816684097
0.398,85.3939224525,83.1122794014,81.9822061372,82.7012166253,83.1272402409
0.4,85.1615702624,82.9929262023,81.868193579,82.5997732102,83.0295939701
0.402,86.3393726039,83.4703320296,82.1557191678,82.7073063857,83.0296003856
0.404,85.9419412291,83.470329617,82.1557167933,82.5925964005,82.8198316637
0.406,86.9854918636,83.4703359058,82.4908041837,83.2043188806,83.5523111296
0.408,87.0611219646,83.4995927835,82.4908047078,83.2043194091,83.5523116603
0.41,86.8837590982,83.3925456667,82.4908035651,83.2043182566,83.552310503
0.412,86.8228216284,83.3593109098,82.4642518939,83.2043178548,83.5523100995
0.414,86.4605301269,83.0703574411,82.1636314841,83.0537944905,83.4275135066
0.416,86.6213991184,83.2354152203,82.353719082,83.1933844168,83.5568198921
0.418,86.7622036876,83.3934572059,82.535292655,83.3406870988,83.6973720046
0.42,87.8167581546,84.4813263436,83.6164419523,84.0886471232,84.3758489716
0.422,87.9174753934,84.5665122159,83.6790940667,84.1083912691,84.3764667721
0.424,88.5039522095,85.1189415417,84.1974372965,84.4814029188,84.6977672462
0.426,87.6431388044,84.3063898286,83.4277214518,83.8935611222,84.1601972067
0.428,87.2152840243,83.8655475826,82.9756015089,83.5103044896,83.7962343341
0.43,86.6523949082,83.2936418186,82.4119851997,83.044136675,83.3555522115
0.432,86.8673470548,83.5169522096,82.6356460765,83.2368841945,83.5403440341
0.434,86.8638250789,83.5129576809,82.6315658638,83.2336495178,83.5373127646
0.436,87.6874206499,84.3442696637,83.4180399918,83.8887097348,84.1596314972
0.438,88.2687565754,84.8292253942,83.7628861242,84.0652596238,84.281993008
0.44,88.5117584034,84.9850740202,83.8516946993,84.1561536715,84.3878357923
0.442,86.9162951811,83.6959038483,82.6501661841,82.9274653003,83.0980486365
0.444,87.29987496,84.0887311925,83.0809070931,83.3774481162,83.5627899118
0.446,87.4329315629,84.233572813,83.2394043891,83.5390340858,83.7277842504
0.448,88.5095412828,85.3843517265,84.426727208,84.6996444101,84.9016935671
0.45,87.928425567,84.7844047968,83.8369530127,84.1350414284,84.3329683734
0.452,88.1735490005,85.0608027419,84.1306756453,84.4295005847,84.6312169882
0.454,88.7970575735,85.8368339633,84.9985744584,85.3158531335,85.5298386415
0.456,88.9493824389,86.0071384252,85.1614892242,85.4644566359,85.6768864532
0.458,89.5845530599,86.5301475271,85.3929230938,85.464460338,85.6768901646
0.46,90.3795688993,87.1823190141,85.9180355011,86.0002791478,86.2214117448
0.462,90.4580928828,87.2348544505,85.9535384774,86.0262659695,86.2451277894
0.464,89.749110879,86.7758084377,85.5463516546,85.6187490408,85.8301750792
0.466,88.6126999788,85.8966097396,84.6152207373,84.6618385809,84.8588429557
0.468,87.1418952453,84.3514688279,82.7517953715,82.6766052847,82.8357435976
0.47,85.8092730887,82.5490126063,80.4295459041,80.1581948539,80.2651579173
0.472,85.0665309142,81.406086061,78.9488822863,78.560344925,78.6375137442
0.474,84.4315426836,80.3990973491,77.6944262936,77.2360277689,77.2950628213
0.476,84.4656336906,80.4502998611,77.7531179764,77.2966350879,77.3561920871
0.478,84.5298505235,80.5521854964,77.8711508643,77.4184418853,77.4790519721
0.48,85.0899443293,81.4720912072,78.9293366447,78.5037194989,78.5727781155
0.482,83.9490058632,79.7335372189,77.0799159136,76.6673323951,76.7334532824
0.484,83.9891298209,79.7889527598,77.1378975733,76.7259515815,76.7924145451
0.486,82.1441554871,77.210211068,74.451133156,74.0203946545,74.0732627849
0.488,81.0476076307,75.5437653687,72.5599113906,72.0409207459,72.0692230117
0.49,81.0057122439,75.4778219205,72.4864634523,71.9659806547,71.9937980605
0.492,81.1076277296,75.6154836342,72.6267563966,72.1049852801,72.1329548911
0.494,80.7590851928,75.0994001948,72.0581790548,71.5176970929,71.5398678539
0.496,80.9155785773,75.3133334704,72.2780106368,71.7357265229,71.7580162684
0.498,80.9315466664,75.3316632529,72.2958204922,71.7532976611,71.7755895066
0.5,80.8960819925,75.2830334,72.2454034048,71.7021135046,71.7240272607
0.502,81.0594726827,75.4919449049,72.4605607854,71.9193778607,71.9424121917
0.504,80.8260109082,75.1697797612,72.1089058776,71.5564140799,71.5760102628
0.506,81.6122592217,76.2430084836,73.2592729578,72.7259238383,72.7523831346
0.508,81.2826341795,75.8044452478,72.8059004959,72.2731369458,72.2984591118
0.51,80.4716988923,74.684572052,71.597441819,71.0347916197,71.0502486941
0.512,79.751031313,73.683198307,70.5209487965,69.9387031753,69.9474028118
0.514,80.8827852336,75.3063578461,72.2985848912,71.7635498638,71.7864922701
0.516,80.948170665,75.3914120922,72.3841696145,71.8477171828,71.8705281674
0.518,80.2991514775,74.568260627,71.5866704953,71.0669851918,71.090276368
0.52,78.3573783159,72.2135377343,69.2962382791,68.7903164673,68.8076894204
0.522,78.0804563222,71.8498911681,68.9083179404,68.3898155675,68.4033505021
0.524,79.5847116697,73.9879652277,71.3054565313,70.8923560412,70.9336572841
0.526,81.5908739076,76.6857258207,74.0680672857,73.6136510368,73.6499674075
0.528,79.6775931108,74.2262417919,71.6317388502,71.2050960122,71.2386131707
0.53,80.3850285423,75.2319144916,72.7348078858,72.3492275052,72.3944894176
0.532,78.9975471879,73.3764806221,70.8708965993,70.5251726809,70.57616587
0.534,76.9269324345,70.4599899374,67.7472372922,67.332562013,67.3611601038
0.536,76.2948741647,69.527789357,66.7219469432,66.2769216207,66.2970650521
0.538,77.4790480152,71.1765767315,68.405141504,67.9382191889,67.9563121867
0.54,77.6439070027,71.3879897344,68.6068713189,68.1336755561,68.1510602791
0.542,77.6287330261,71.3640797345,68.5822308559,68.1086986752,68.1259112766
0.544,78.4460804246,72.4519226469,69.6901807573,69.2245903314,69.2462632637
0.546,78.7284503609,72.8170881066,70.0539511132,69.5862925936,69.6084139205
0.548,80.0242106652,74.5929418653,71.9190766425,71.4884049302,71.5230323315
0.55,79.088372709,73.3982388881,70.7753329135,70.3868740135,70.4285477397
0.552,79.3072823608,73.687440453,71.0728146534,70.687922099,70.7311313697
0.554,80.3695627458,75.1710356059,72.6502151771,72.2977219294,72.3510944107
0.556,80.376292358,75.1756171438,72.6540459362,72.3015343404,72.3549088164
0.558,80.1592284163,74.8914853667,72.3792379676,72.0336217577,72.0877123656
0.56,78.3204924972,72.4824546025,69.9515858262,69.5927100787,69.636904716
0.562,80.6261335984,75.7849360771,73.5460268315,73.3120509204,73.3907867942
0.564,79.1685252802,74.1155328195,72.3511573983,72.5701503053,72.7943907881
0.566,78.5479203766,73.350111158,71.6486753012,71.9121189595,72.1491309283
0.568,78.4645180262,73.2416084797,71.5430404714,71.8095203099,72.0473774465
0.57,79.8095942772,74.8449572018,73.0093356719,73.1830056873,73.3994552597
0.572,79.2232784862,74.175115945,72.4096380875,72.6175478706,72.8407177555
0.574,78.6733294701,73.4873082084,71.7147377943,71.9202874768,72.1422830363
0.576,78.8585511699,73.7047442178,71.920471802,72.1171342231,72.3372185785
0.578,79.4119087302,74.3608036247,72.5527256936,72.7349596252,72.9528623878
0.58,79.953028604,75.0043860212,73.1790934952,73.350023211,73.5663223024
0.582,79.3385368453,74.2753886451,72.4726728571,72.6587148946,72.8773295671
0.584,80.1148038093,75.1800400432,73.344609666,73.5112649745,73.7270275941
0.586,80.9719311358,76.1507127665,74.258719249,74.3956399345,74.6064588279
0.588,80.4654604551,75.6699268106,73.9089116082,74.1181203408,74.3456241114
0.59,81.0371958049,76.2993884364,74.508593948,74.7019945344,74.9259045156
0.592,81.772431855,77.0979982817,75.2556093998,75.4145194462,75.6309222932
0.594,83.9571929099,79.6692323745,77.8545969126,77.998873685,78.2138370778
0.596,82.715097772,78.5639266511,77.3322602983,77.9988694625,78.2138328437
0.598,81.9636568652,77.8976445796,76.825710041,77.521381961,77.7480986455
0.6,82.201802028,78.1269556477,77.0359873193,77.7308735076,77.9558928921
0.602,80.403663839,76.6178838935,75.9041668725,76.8035277344,77.0901256651
0.604,81.2913451738,77.4524501342,76.6813786859,77.5593886791,77.836509712
0.606,82.9797151072,79.0862009549,78.2451128447,79.0850630761,79.3460899799
0.608,83.7763414612,79.7573001432,78.7646653377,79.5102660663,79.7450628396
0.61,83.2870348695,79.3256711399,78.3777365951,79.1395653321,79.3790481934
0.612,83.934446921,79.9483608645,78.9916263624,79.7505860561,79.9875526339
0.614,85.5189669939,81.2869054757,80.067852852,80.6505026697,80.8385919099
0.616,85.5955277271,81.3433673057,80.1081701621,80.686107333,80.8736300769
0.618,84.8806646609,80.8562703968,79.7196678839,80.3091587484,80.4996982126
0.62,84.9243741893,80.8836375043,79.7410291707,80.3284996299,80.5184728932
0.622,83.9809168256,80.1057589106,78.9334541864,79.5034569634,79.6931956067
0.624,85.3990829203,81.6343772574,80.72922628,81.4114782656,81.6199749794
0.626,85.4200452354,81.6538092908,80.7470399577,81.4270240578,81.6347772492
0.628,87.0797599941,83.1714094132,82.1643305358,82.7868490047,82.9814081733
0.63,88.2134676846,84.1093750574,82.9554754351,83.5051380052,83.6809578857
0.632,88.102036093,84.0230453725,82.8822301068,83.435811424,83.6125438385
0.634,87.7079005075,83.6913829434,82.5619823993,83.1150485809,83.2922968371
0.636,88.4613776573,84.2719114,83.0627841894,83.5726936338,83.7381127217
0.638,88.2206438407,84.1397360306,83.019746831,83.572692629,83.738111715
0.64,88.7800352678,84.4810754758,83.3150985773,83.8783904502,84.0452640875
0.642,89.8665370362,85.28002178,84.1434960001,84.7502628337,84.9237782105
0.644,89.2979843245,84.8704834265,83.7436862536,84.3554298797,84.5319041337
0.646,88.9968376772,84.6325790974,83.4958978131,84.1024637216,84.27849184
0.648,88.6327942149,84.3408027433,83.1989324717,83.8054574892,83.982370684
0.65,88.2078849323,83.991893889,82.8437811256,83.449507245,83.627076222
0.652,87.2408110444,83.0763694534,81.8321729486,82.3987743681,82.5698879579
0.654,85.8014091842,81.6757156936,80.3214934263,80.8609801028,81.0297011654
0.656,85.0332154541,80.7827997075,79.2732811576,79.7530096161,79.9105874811
0.658,85.4963654891,81.3523846479,79.9344555836,80.4439528801,80.6067964604
0.66,85.2793279919,81.0755067885,79.6173669979,80.1156424152,80.2765981744
0.662,83.7538957406,79.2726301337,77.7413219992,78.2589725546,78.4274420279
0.664,83.9002213719,79.4274765869,77.8874090644,78.3996506236,78.5669233693
0.666,84.3452994938,79.9164850065,78.3850813936,78.9063253029,79.0755290336
0.668,85.2923291279,80.7885491258,79.0920608623,79.5122361222,79.654578142
0.67,84.4921846315,80.1685938757,78.6224488031,79.0558484177,79.1952125821
0.672,84.5563667138,80.2218664166,78.6732451385,79.1088374612,79.2487547775
0.674,84.5210484737,80.1980571202,78.6542812552,79.0919424295,79.2324328741
0.676,85.4636160558,80.930980643,79.3870570591,79.843089512,79.9867304209
0.678,84.3432624494,80.1221477225,78.6318376038,79.1158237062,79.2679362198
0.68,83.4330106377,79.330329461,77.7698180317,78.2217422724,78.3685213097
0.682,82.2818417234,78.3192291485,76.7044423839,77.149069409,77.2967960144
0.684,81.8124256758,77.9246358654,76.3131144884,76.7658139859,76.9159240311
0.686,83.7552377643,79.8337810706,78.4282523818,78.9600575586,79.1246310383
0.688,84.6347127693,80.4251100144,78.552501332,78.9600613939,79.1246348815
0.69,83.3460703433,79.7020317224,77.8969759517,78.2824220697,78.4614719956
0.692,83.5351301359,79.8520106947,78.0683524816,78.466376932,78.6455098391
0.694,82.2259781617,78.6336040748,76.610608938,76.9050534362,77.077391435
0.696,83.7155367232,80.4100366729,78.8847312768,79.3890933311,79.5910280224
0.698,83.4389396007,80.1221082095,78.5797624318,79.0978487061,79.3070353759
0.7,83.5326826526,80.2153425034,78.6758192624,79.1941311455,79.4028189472
0.702,83.9872104349,80.6559839117,79.1284655341,79.6522394389,79.8590757115
0.704,85.23379901,81.7788345,80.2264993367,80.7404658044,80.9365086605
0.706,85.0085067754,81.6012360023,80.0677314536,80.5878318117,80.7866073875
0.708,83.5776228005,80.2977021615,78.6823149969,79.1415408537,79.3360554787
0.71,83.5959717703,80.316516311,78.7027760459,79.1628188028,79.3574532985
0.712,82.1024991537,78.9490998975,77.405247784,77.9563807778,78.1855883994
0.714,82.9865889985,79.9200519203,78.4791357129,79.0630516057,79.292479866
0.716,84.5593330534,81.5296201368,80.0852913945,80.6090693309,80.8120194485
0.718,85.6853158193,82.5540104106,80.993775715,81.4509041799,81.6336111038
0.72,85.4351077335,82.3427486917,80.8064135988,81.2692923142,81.4541967934
0.722,84.9069687359,81.9253968415,80.4334335236,80.9049895742,81.0943645894
0.724,86.0994628181,82.9294768518,81.4379388363,81.9317765047,82.119974372
0.726,86.3831556039,83.1584926821,81.6586929004,82.1492845068,82.3351370983
0.728,86.8467681816,83.5616931627,82.0789724584,82.5796002697,82.7652794351
0.73,85.5281202036,82.4308910737,80.9323258868,81.4336871058,81.6267452857
0.732,85.0995497368,81.9813391626,80.4172821715,80.8912656959,81.0807655416
0.734,86.2324772993,83.277151172,81.9207023471,82.4694078379,82.6690205669
0.736,87.108840829,84.1229401491,82.6924070941,83.1484254673,83.3186107477
0.738,86.7845925809,83.8486904177,82.4614332246,82.9276455572,83.0992831953
0.74,87.0394531257,84.080855598,82.6905508613,83.1638622219,83.3366570749
0.742,85.8319059411,82.9990742962,81.6272209402,82.0904670684,82.2651132386
0.744,87.9504808573,85.1033151073,83.8837456052,84.4432484629,84.6318173298
0.746,88.6618253797,85.1033184174,83.8837488679,84.4432517474,84.6318206216
0.748,87.5372514959,84.874264979,83.8837437722,84.4432466177,84.6318154805
0.75,86.6974329417,84.5232328718,83.8837400182,84.4432428386,84.6318116929
0.752,87.6833112911,85.1925628452,84.1251287923,84.6229322549,84.7799763062
0.754,87.7877787861,85.2674450632,84.1705998863,84.6658517039,84.8215449685
0.756,87.7751674593,85.2577227058,84.163434741,84.6586276315,84.8144163822
0.758,87.627096463,85.1205330929,84.0397412705,84.5309410331,84.6869282149
0.76,89.3522931531,86.6312484758,85.2578175742,85.6919553136,85.8232438563
0.762,88.5237112974,86.0559044095,85.0183013509,85.6919518691,85.8232404066
0.764,87.6970116006,85.4626876152,84.6141664543,85.2931175955,85.4287794305
0.766,87.599018957,85.3781316004,84.5392773733,85.214722532,85.3501923562
0.768,88.7780178212,86.594799311,85.7768704485,86.5365240094,86.6830308605
0.77,90.1630258753,87.8971797496,86.8888086203,87.5978440982,87.7223626157
0.772,88.4099408981,86.5764542548,86.2084507788,87.1635271179,87.3570481713
0.774,88.5449741842,86.6901899003,86.2971251699,87.2503986707,87.4427963528
0.776,89.3210039667,87.3204258078,86.7854296342,87.7231030023,87.9082313395
0.778,90.0134756742,87.8283905202,87.1349094277,88.0421074659,88.2176200749
0.78,89.8868342117,87.7261635499,87.0483397348,87.9545716749,88.1304553392
0.782,88.2015136044,86.2503557928,85.6892772625,86.561917437,86.7386584414
0.784,86.9926410533,85.0496052598,84.473688243,85.2871633747,85.457123343
0.786,87.2230202927,85.2972373915,84.7329113042,85.5589863609,85.7305531513
0.788,86.7382871516,84.7835603568,84.224050631,85.0424021441,85.214769176
0.79,85.4051373771,83.16548412,82.4581874546,83.1762412764,83.3333483836
0.792,87.1281968957,85.1920027499,84.5177475166,85.2590886749,85.4118875319
0.794,86.1836912614,84.2888818178,83.8825146578,84.7740542792,84.9700673999
0.796,87.225633042,85.4870736164,85.0172464118,85.8791771465,86.0574621601
0.798,87.4442580467,85.7070301881,85.1846682732,86.0167637943,86.1860839788
0.8,88.1820751611,86.5272787296,85.9309218475,86.7321662192,86.8880775028
0.802,89.0592214344,87.5239047826,86.8576102808,87.6294656314,87.7719805132
0.804,89.0962913477,87.5645974848,86.8955088498,87.6662425654,87.8082913517
0.806,89.3844656583,87.8832670404,87.1832343222,87.9422313802,88.0799327508
0.808,89.0620461529,87.5192360757,86.8465726931,87.613653552,87.755084443
0.81,88.7085279665,87.1167570358,86.4698293895,87.2443429511,87.3895258585
0.812,87.3090529677,85.5147698632,84.9537528699,85.7513415458,85.9095001574
0.814,86.4357563395,84.3526746126,83.7067045451,84.4584095988,84.6122331091
0.816,85.4663563509,83.0808898791,82.4080063496,83.159185735,83.3192675943
0.818,85.2239920597,82.7489837794,82.0618272264,82.8076062228,82.9678820429
0.82,85.9893119615,83.7188323913,82.9847198237,83.6995242636,83.848808548
0.822,85.9020751529,83.6063449324,82.8780436565,83.5947572418,83.7448455937
0.824,88.4870511984,86.7019583564,85.692346953,86.3098724299,86.4271743446
0.826,87.0192105059,85.1490685669,84.4853065232,85.2381338882,85.39129611
0.828,85.9957456719,83.9189134471,83.3047185913,84.0558261609,84.2140518231
0.83,86.0865975334,84.037406192,83.4295289179,84.1845904273,84.3432524635
0.832,83.4678263673,80.4567735934,79.7034417606,80.4061449435,80.5684127847
0.834,85.1404677344,82.739608711,82.0426384924,82.764988173,82.9237316755
0.836,87.7187772394,86.0648476822,85.1584240115,85.7673732849,85.8893655232
0.838,87.8913266436,86.2664027163,85.3307733257,85.928973828,86.0481510509
0.84,89.1870540389,87.8897581132,86.882546548,87.4875723858,87.6038224892
0.842,87.7990186499,86.2728478693,85.4778263632,86.166060776,86.307453297
0.844,87.2594216155,85.6961178612,85.0100255895,85.7305736521,85.8801849876
0.846,90.3971325258,88.8904732442,87.6474476476,88.2617687788,88.3811595361
0.848,89.6126646579,88.2955700955,87.4566196594,88.2617661037,88.3811568574
0.85,89.308097705,88.0720573131,87.288926263,88.0811855329,88.2023612077
0.852,91.2404121584,89.5215895645,88.5524740487,89.3805056192,89.4868728206
0.854,91.2242680284,89.5123412096,88.5458962402,89.3747315056,89.4814243566
0.856,92.0738094266,90.1098885561,89.0918654628,89.9261635473,90.0283452313
0.858,92.7791578597,90.5633571566,89.467295738,90.2731538732,90.3634135759
0.86,93.2764746516,90.940934742,89.844305191,90.6572827525,90.7452457936
0.862,92.2471655884,90.1893836752,89.1489263496,89.9905269007,90.0929171354
0.864,92.8517152904,90.6810778765,89.6461620945,90.4935035114,90.5928347645
0.866,93.7105544478,91.2271952528,89.9732995885,90.5759059735,90.5928381334
0.868,93.5516276352,91.1281972631,89.8933038531,90.4915960344,90.5067908364
0.87,93.0649128997,90.8197887815,89.6223727837,90.2182899285,90.2349894349
0.872,92.9269584675,90.7159432212,89.5159515545,90.1067257758,90.1230236372
0.874,93.4006176612,91.0733467612,89.8612620472,90.4503087344,90.4635141228
0.876,92.1227388417,90.0748529264,88.8794467232,89.4605185941,89.4783423381
0.878,94.7882844972,92.545930956,91.5742996052,92.283793044,92.3136383
0.88,93.0464023186,91.2538706569,90.649314141,91.6944308671,91.8531063321
0.882,91.1283114968,89.530905125,89.00899371,90.1726105159,90.4008319443
0.884,93.7157899343,92.5865763887,92.4644853241,93.6955806838,93.8771103442
0.886,91.2660418835,90.3540203462,91.0756432987,93.695571274,93.8771009162
0.888,91.0599345921,90.146446969,90.9006472011,93.5772768026,93.7686023991
0.89,90.9805944084,90.0784449678,90.8568857418,93.5522533804,93.7472473723
0.892,91.1066273864,90.1882068374,90.9425951533,93.6245063086,93.8168782282
0.894,90.0848912128,89.2860541586,90.1826372019,92.9457907915,93.1572020271
0.896,90.1265375332,89.3239692816,90.2165013236,92.9771844748,93.1879182956
0.898,91.0597536915,90.1150854812,90.8630550552,93.5365027972,93.7249590106
0.9,92.9729884947,91.6140311044,92.0066336425,94.5041538956,94.6509048881
0.902,94.0929212628,92.4099802187,92.576195202,94.9808609108,95.1060555526
0.904,94.2452604811,92.5103969992,92.6486831771,95.0441268524,95.1671171483
0.906,93.8469355404,92.1914719212,92.3484967873,94.7475517014,94.8732428737
0.908,93.5600801307,91.9378797737,92.0943999906,94.4926065636,94.6198033655
0.91,92.3325824121,90.8467750328,91.0412155863,93.4667467238,93.6071073039
0.912,91.3602434103,89.9482406674,90.1571873613,92.591837838,92.7397381749
0.914,92.4733542161,91.0937067992,91.3672565913,93.8318185388,93.9785152808
0.916,92.7096315471,91.3127446827,91.562347771,94.0077679286,94.1483775776
0.918,91.8596521493,90.5517994452,90.8906645505,93.372710157,93.5242961557
0.92,92.5568969479,91.2594021454,91.6058882295,94.0983020392,94.2478901236
0.922,92.2636963335,91.0373488942,91.513914334,94.0983008478,94.2478889303
0.924,91.8687844526,90.7498953324,91.3130307652,93.9078715103,94.0668886159
0.926,91.8177183427,90.7135043,91.2840389868,93.8799565503,94.0398737905
0.928,91.4697562724,90.4593357268,91.0676046169,93.6712530446,93.8366461745
0.93,92.0272804905,90.9423097299,91.5520275459,94.1686656704,94.3300831653
0.932,91.4781277984,90.5287730001,91.228958357,93.9058739952,94.0893565945
0.934,91.9642541467,90.9451746778,91.621082902,94.2858053423,94.4600169313
0.936,91.7306096927,90.7681510405,91.4842525915,94.1739298824,94.3567538058
0.938,91.1269621972,90.2082812827,90.9372059462,93.6426206693,93.8386636052
0.94,92.3119902221,91.501082103,92.3389158143,95.0772379941,95.2605049221
0.942,91.6159095488,90.7214481688,91.5136471306,94.2482654803,94.441656547
0.944,91.1161366492,90.1560334533,90.9272058336,93.6623987641,93.8629974561
0.946,90.4699562684,89.3727595154,90.0794459071,92.7920672414,92.9969344518
0.948,91.2460674588,90.3516040571,91.148469334,93.8937275236,94.0948778677
0.95,92.7322344379,92.1154027617,92.8982766881,95.5943949665,95.7648650531
0.952,93.671387279,93.1299873354,93.8043343737,96.4406477225,96.5886129262
0.954,92.8685985045,92.354609199,93.1733872643,95.8617922126,96.0274132585
0.956,93.3493102379,92.8665560459,93.6715693796,96.3665498974,96.5285183738
0.958,92.9555056744,92.4551348015,93.281266897,95.9828911418,96.1507515339
0.96,91.654540162,90.9499372613,91.7031156882,94.3550307231,94.5279219351
0.962,92.733923042,92.1704674864,92.9226754423,95.5688488994,95.7276042451
0.964,93.1366952436,92.6178505158,93.3599570627,96.0021389344,96.1557877149
0.966,93.7061025209,93.2175844637,93.9133942525,96.5359994193,96.6797738319
0.968,96.7107800126,96.6133304014,97.3345379938,100.011369562,100.134369833
0.97,96.2426999407,96.2908126355,97.3345361702,100.011367688,100.134367957
0.972,98.0363093809,97.5953453046,97.8404218908,100.011374963,100.134375241
0.974,98.5491430342,97.5953475473,97.8404241392,100.27827142,100.385437898
0.976,100.179796535,98.1010600044,98.4965162826,101.107255456,101.171031754
0.978,100.54221411,98.2594445534,98.7005688769,101.339761371,101.396732004
0.98,99.9914723808,98.0912042416,98.6531247947,101.33975877,101.396729402
0.982,98.7325243781,97.5254371227,98.0479921251,100.716946898,100.796015332
0.984,97.2832988052,96.5115625497,96.7879389541,99.347607484,99.4406574795
0.986,99.3973801072,98.5297966617,99.4575386575,102.308490736,102.405659009
0.988,99.730567821,98.7659935969,99.6444348364,102.37947313,102.405660513
0.99,100.650508514,99.4071014079,100.235973877,102.978836862,103.005488534
0.992,100.913853912,99.6071633582,100.442303258,103.194928484,103.220602607
0.994,100.260181712,99.0890828164,99.8946469002,102.624325473,102.654361785
0.996,100.428381849,99.2393720394,100.062530614,102.802399397,102.83207129
0.998,100.408405117,99.2244267554,100.048655608,102.789553538,102.819800794
1,99.7778620707,98.7383117639,99.5849744352,102.326372541,102.36453773
